Name,CR,Creature Type(s),Environment,Organization,Size,Book,Supernatural?
Aasimar,1,Outsider (Native),Any,1-6,Medium,AA2,N
Abysium Eater,5,Ooze,any,1-2,small,AA4,N
Adult Nyssholora,11,Magical Beast,Temperate or warm plains (Castrovel),"1-2 adults, 0-6 Juvenilles",Huge,AA2,N
Adult Rradiation Drake,9,Dragon,any land,1-9,Large,AA4,N
Adult Silver Dragon,14,Dragon,Any,Solitary,Huge,AA2,N
Aeon Guard,3,Humanoid,Any (Azlanti Star Empire),"1-12, up to 48 with specialist",Medium,AA1,N
Aeon Guard Specialist,7,Humanoid,Any (Azlanti Star Empire),"1-2, unless with Guards",Medium,AA1,N
Ahav,12,Construct (Technological),Any,"Solitary, or with up to 12 soldiers",Huge,AA1,N
Akata,1,Aberration,any (outer planes),1-30,Medium,AA2,N
Albedo Lucandrian,3,Fey,Any lunar,1-8,Medium,AA3,N
Alorbidaemon,12,"Outsider (Daemon, evil, extraplanar)",Any (Abaddon),1,Large,AA4,Y
AluciDaemon,4,"Outsider (Daemon, evil, extraplanar)",any (Abaddon),1-16,Small,AA4,Y
Alural War Wolliped,9,Animal,"Cold hills, mountains, or plains (Traxius)","1-2, or mounted by ryphorians",Large,AA3,N
Anacide Preadator Drone,10,Construct (Technological),any (Aballon),1-6,Large,AA2,N
Anacite,6,Construct (Technological),any (Aballon),1-2,Medium,AA2,N
Anacite,7,Construct (Technological),Any (aballon),1-8,Medium,AA1,N
Anacite Wingbot,1/2,Construct (Technological),Any (aballon),1-6,Small,AA1,N
Anchorite,4,Outsider,Any (Shadow Plane),1-12,Medium,AA2,N
Ancient Lumocantha,5,Plant,temperate and warm forests,1-8,Large,AA4,N
Anhamut,10,"Outsider (inevitable, lawful)",Any,Solitary,Medium,AA1,N
Animated Lashunta Mind Mail 3,5,Construct (Magical Technological),Any,1-2,Medium,AA3,N
Animated Lictor Hellknight Plate,5,"Construct (Magical , Technological, Starfinder Pact worlds)",any,1-6,Medium,AA3,N
Animated Quartz Swarm,11,"Construct (Magical, swarm, technologocial)",Any,Solitary,Fine,AA4,Y
Apari,7,Vermin,Temperate or warm plains,1,Large,AA1,N
Apari Constituent,2,Vermin,Temperate or warm plains ,1-4,Tiny,AA1,N
Arabuk,8,Animal,Artic (Akiton),"1-2, 1 +2-4 Yearlings",Large,AA4,N
Arabuk Yearling,3,Animal,Artic (Akiton),1-4,Medium,AA4,N
Arquand gazelle,4,Animal,"forests, hills, or plains (Arquand)",1-40,Large,AA2,N
Aspecna,18,"Outsider (Extraplanar, Spectra",Any (The Drift),"1, +0-2 Iridia",Huge,AA3,Y
Assasin Robot,9,Construct (Technological),Any,1-5,Medium,AA2,N
Assault laser dragon,12,Dragon (Technological),Any,1,Huge,AA4,N
Assembly Ooze,1,Ooze,Any Urban,1-5,Medium,AA1,N
Asteray,12,Fey,Any Vacuum,1-12,Medium,AA1,N
Asteroid Louse,1/2,Vermin,Any (Eox),1 - 40,Small,AA2,N
Astriapi Defender,1,Monstrous Humanoid,Any Urban (Colveare),1-6,Medium,AA4,N
Astriapi Warden,6,Monstrous Humanoid,Any Urban (Colveare),1-6,Medium,AA4,Y
Atlapak,9,Vermin (aquatic),Warm or temperate hills or water,1-7,Large,AA4,N
Atlapak Juvenile,3,Vermin (aquatic),Warm or temperate hills or water,1-7,Medium,AA4,N
Barachius,7,"Outsider (angel, extraplanar,good)",Any good aligned planes,1-2,Large,AA1,N
Barathu,5,Aberration,Any Sky (Bretheda),1-5,Large,AA1,N
BloodBrother,7,Magical Beast,Any Cold (Verces),1-6,Huge ,AA1,N
Bodysnatcher Autocrat,10,Ooze,any land,solitary,Medium,AA2,N
Bodysnatcher Slime,3,Ooze,any land,1-5,Small,AA2,N
Bolida Minder,2,Vermin,Any Underground,1-6 (and Overseer),Medium,AA2,N
Bolida Overseer,8,Vermin,Any Underground,1 (plus miners),Medium,AA2,N
Ghoul,1,Undead,any,1-12,Medium,AA2,N
Lacunal Initiate,1,Undead,Any,1-4,Medium,AA4,Y
Brain Collector,8,Aberration,any,1,Large,AA4,N
Brenneri Ambassador,6,Humanoid (Brenneri),Any (Varturan),1-12+,Medium,AA3,N
Brenneri Sage,3,Humanoid (brenneri),Any (Varturan),1-8,Medium,AA3,N
Bryrvath,15,Aberration,Any (Aucturn),1-7,Medium,AA1,N
Calecor,17,Fey,any,Solitary,Large,AA2,N
Calkyrie,12,Outsider (Extraplanar),any,1-8,Medium,AA3,Y
Caraggakal,5,Outsider,Any (Drift),Solitary,Medium,AA2,N
Carrion Wheel,6,Aberraton,Any Land,1-15,Medium,AA4,Y
Caypin,6,Magical Beast (Aquatic),Any Swamp,1-2,Large,AA1,N
Cephalume,2,Aberration (Plantlike),Any (Luminar),1-7,Medium,AA3,N
Ceratopsid,8,Animal,Any,1-8,Huge,AA2,N
Cerebric Fungus,3,Plant,any,1-12,Medium,AA2,N
Cerebric Fungus Voyager,9,Plant,any,1-12,Medium,AA2,N
Chinjugami,16,"Outsider (Kami, Native)",Any,1,Gargantuan,AA3,Y
Claustral,6,"Outsider (Agathion, extraplanar, good)",Any urban (Nirvana),1-5,Medium,AA4,Y
Cloud Ray,13,Animal,"Any Sky (Bretheda, Liavara",3-12,Gargantuan,AA4,N
Cloud Skate,6,Animal,"Any Sky (Bretheda, Liavara",1-24,Large,AA4,N
Collosal Herd Animal,8,Animal,Any,1-12,Collosal,AA2,N
Colossal Predator,13,Animal,Any,1-4,Collosal,AA2,N
Colour out of space,10,Ooze (Incorporeal),any,Solitary,Huge,AA2,N
Comet Wasp Swarm,12,Vermin,Any Vacuum,1-6,Diminutive (swarm),AA2,N
Common swamp strider,2,animal,Any Marsh (Castrovel),1-12,Large,AA4,N
Computer Glitch Gremlin,1/2,Fey,Any,2-6,Tiny,AA2,N
Contemplative,2,Monstrous Humanoid,Any Urban (Akiton),1-7,Medium,AA1,N
Contemplative Mentor,18,Monstrous Humanoid,Any Urban (Akiton),1-2,Medium,AA1,N
Copaxi Socialite,1,Humanoid (copaxi),Any (Tabrid Minor),1-10,Medium,AA4,Y
Occult Zombie,1,Undead,Any,1-13+,Medium,AA1,N
Void Zombie,1,Undead,any (outer planes),any,Medium,AA2,N
Coxpaxi Special Ops,4,Humanoid (copaxi),Any (Tabrid Minor),1-20,Medium,AA4,Y
Crest-Eater,4,Magical Beast,Warm Deserts,1-6,Large,AA1,N
Crested swamp strider,10,Animal,any marshes (Castrovel,3-12,Large,AA4,N
Cybernetic Golem,8,Construct (Magical Technological),Any,1-4,Large,AA2,N
Driftdead,2,Undead (extraplanar),Any (The Drift),1,Medium,AA3,N
Damai,1/2,Humanoid,any (Daimaiko),1-350,Medium,AA2,N
Damai Guardian,12,Humanoid,any (Daimaiko),1-7,Medium,AA2,N
Damoritosh's Arm Host,6,Humanoid,Any,1,Medium,AA1,N
Dawn Core-Diver,10,Vermin,Any,"1-2, 3-8 sunscrappers",Large,AA4,N
Dawn Sun-Scrapper,2,Vermin,Any,1-6,Large,AA4,N
Deadfall stalker,12,Magical Beast,Any (Apostae),1-8,Large,AA4,Y
Defrex,11,Animal,Temperate forests  and hills (Vesk-2),1-12,Large,AA3,N
Defrex Juvenile,7,Animal,Temperate forests  and hills (Vesk-2),1-12,Large,AA3,N
Deh-Nolo,14,Aberration,Any,Solitary,Large,AA1,N
Dessamar Imago,1,Humanoid (Dessamar),any (Koshoria),1-7,Medium,AA3,N
Dessamar Theurgist,6,Humanoid (Dessamar),any (Koshoria),"1,2,4",Medium,AA3,N
Diaspora Wyrm,8,Magical Beast,Cold Aquatic (Diaspora),1-7,Large,AA3,N
Diaspora Wyrm Sage,17,Magical Beast,Cold Aquatic (Nisis),1-5,Huge,AA3,N
Diatha,1/2,Vermin,Any Land,1-10,Small,AA3,N
Diatha Elder,5,Vermin,Any Land,1-5,Small,AA3,N
Dirindi Fabulist,13,Humanoid (dirindi),"Any (Arkanen, Osoro)",1-7,Medium,AA3,N
Dirindi Monster Hunter ,4,Humanoid (Dirindi),"Any(Arkanen, Osoro)",1-7,Medium,AA3,N
Domesticated Ravenous Drake,1/2,Dragon,Temperate forests,1-5,small,AA4,Y
Dpromaeosaurio,3,Animal,Any,1-12,Medium,AA2,N
Draelik,2,Humanoid,Any (Great Shadar),1-8,Medium,AA1,N
Dragon,11,Dragon (Earth),Any ,Solitary,Huge,AA1,N
DragonKin,9,Dragon,Any (Triaxus),1-14,Large,AA1,N
Dreamer ,8,Aberration,Any Sky (Liavara),1-5,Large,AA2,N
Drift Architect,10,Outsider (extraplanar),The Drift,1,Large,AA3,N
Drift Native,2,Outsider (extraplanar),The Drift,3-50,Medium,AA3,N
Varculak Marauder,2,Undead,Any,1,Medium,AA3,Y
Bone Trooper Technomancer,3,Undead,Any ,3-12,Medium,AA2,Y
Dromada,1/2,Magical Beast,Any,3-100,Medium,AA3,N
Dromada Vigilant,5,Magical Beast,Any,2-10,Medium,AA3,N
Drow Enforcer,1,Humanoid,Any (Apostae),1-40 (+1 noble arms dealer),Medium,AA1,N
Drow Noble Arms Dealer,11,Humanoid,Any (apostae),1-2 or 1 with up to 8 enforcers,Medium,AA1,N
Dust Manta,6,Magical Beast,Warm Deserts,1-8,Large,AA2,N
Dust Manta Monarch,12,Magical Beast,Warm Deserts,Solitary or with Pod,Huge,AA2,N
Early Stage Barathu,2,aberrationAberration,Any Sky (Bretheda),1-12,Medium,AA1,N
Elder Elemental,11,"Outsider (elemental, extraplanar)",any,any,Huge,AA1,N
Electrovore,2,Magical Beast,any,1-13+,Small,AA1,N
Ellicoth,9,Magical Beast,Any Plains or deserts (Eoox),1-6,Gargantuan,AA1,N
Embri,3,Aberration,Any (Embroi),1-15,Medium,AA2,N
Embri Speaker,10,Aberration,Any (Embroi),1,Medium,AA2,N
Corpsefolk Operative,3,undead,any,1-10,medium,AA2,N
Cybernetic Zombie,3,Undead,Any,1-13+,Medium,AA1,N
Endbringer Devil,19,"Outsider (Devil, evil, extraplanar, lawful)",Any (Hell),"1, or 1 and up to 8 other devils, or 3-12",Colossal ,AA1,N
Endling,3,Undead,Any (Calen 5),1-8,Medium,AA4,N
Entu Colony,1/2,Ooze,Any,1-20,Small,AA4,N
Epokasite Fixer,3,fey,any land,1-7,small,AA4,Y
Epokasite Runner,8,Fey,Any Land,1-4,Medium,AA4,Y
Equinoxian Apastra,15,Outsider (Native),any,1-8,Medium,AA3,N
Equinoxian Periastra,9,Outsider (Native),Any,1-6,Medium,AA3,N
Erabryth,1,Outsider (psychopomp,any (boneyard),1-6,Medium,AA4,Y
Espraksa,1/2,Humanoid (Espraksa),Any (neeroon),1-10,Medium,AA3,N
Espraksa Performer,4,Humanoid (Espraksa),any (Neeroon),1-6,Medium,AA3,N
Exterminator class infiltration bot,7,construct (technological),Any,"1-2, or 1 + 3 monitor class",Medium,AA4,N
Feral Ravenous Drake,2,Dragon,Temperate forests,1-5,Medium,AA4,N
Feral Shotalashu ,6,Magical Beast,Warm forests (Castrovel),1-12,Large,AA2,N
Ferrofluid Magneto-Cluster,12,Ooze,Any,Solitary,Large,AA3,N
Ferrofluid Ooze,2,Ooze,Any,Solitary,Medium,AA3,N
Flayer Leech,4,vermin,any land,1-12,Tiny,AA3,N
Flayer Leech Effigy,15,Monstrous Humanoid,any land,1-8,Medium,AA3,N
Formian  Worker,1/2,Monstrous humanoid,any land or underground (castrovel),"1-15, up to 8 formian Warriors",Small,AA1,N
Formian MyrMarch,10,Monstrous Humanoid ,Any land or Underground (Castrovel),2-4,Large,AA2,N
Formian Queen,17,Monstrous Humanoid,any land or underground (castrovel),1 plus 300 - 8000 formians,Large,AA3,N
Formian Taskmaster,7,Monstrous Humanoid,Any Land or Underground (Castrovel),1,Medium,AA2,N
Formian Warrior,3,Monstrous Humanoid,any land or underground (castrovel),1-12,Medium ,AA1,N
Frujai Colony,19,Plant,Any forests (orikolai),1-5,Colossal ,AA1,N
Frujai Soldier,12,Plant,Any forests (orikolai),2-8,Large,AA1,N
Garaggakal Polymath,14,Outsider,Any (Drift),Solitary,Large,AA2,N
Gargantuan Herd Animal,6,Animal,Any,1-12,Gargantuan,AA2,N
Gargantuan Predator,10,Animal,Any,1-6,Gargantuan,AA2,N
Ghoran Flora Shaper,6,Plant,Any,"1-2 , With Pod",Medium,AA2,N
Ghoran World Tamer,1,Plant,Any ,1-6,Small,AA2,N
Itmi Vruh,5,Undead,any,1-2,Medium,AA4,Y
Nihli,5,Undead,Any (Vacuum),Any,Medium,AA1,N
Corpsefolk Marine,7,Undead,any,1-5,medium,AA2,N
Giant,15,Humanoid,Any Lunar,1-6,Huge,AA2,N
Glass Serpent,5,Magical Beast,Any (Eox),"1-2 adults, 0 -5 juvenilles",Gargantuan,AA2,N
Gray,4,Humanoid (gray),Any,1-12,Small,AA1,N
Gray Goo,14,"Construct (swarm, technological)",Any,1-12,Fine,AA4,N
Greater Elemental,9,"Outsider (elemental, extraplanar)",Any,Any,huge,aa1,n
Green Rageshkor,6,Animal,Temperate or warm forests or plains,1-12,Large,AA4,N
Grioth,1,Monstrous Humanoid,any,"1-6, 7+ includes eclipse seer",Medium,AA4,Y
Grioth Eclipse Seer,6,Monstrous Humanoid,any ,"1, or with a retinue of grioth",Medium,AA4,Y
Guardian Robot,5,Construct (Technological),Any,"1, 0-1 clients",Medium,AA3,N
Haan,3,Monstrous Humanoid,Any sky (Bretheda),1-10,Large,AA1,N
Haan combat pilot ,7,Monstrous Humanoid,any sky (bretheda),1,Large,AA1,N
Hadrogaan Hyper- Analyst,3,humanoid,any moons of hadrogess),1-6,Medium,AA4,N
Hadrogaan Smart-Merc,10,Humanoid,any (moons of Hadrogess),1-6,Medium,AA4,N
Haeshi-Shaa (Haeshi form),12,Aberration,Any,Solitary,Large,AA2,N
Haeshi-Shaa (Shaa form),16,Aberration,any,Solitary,Large,AA2,N
Hallajin,17,Aberration,Any,1,Large,AA1,N
Hanakan Attendant,1,Magical Beast,any (ash'Akan),1-36,Small,AA3,N
Harpy Jasmine,5,Plant,temperate or warm forest (Castrovel),1-6,Medium,AA4,Y
Hashukayak,5,Animal,Temperate plains or hills (Orikolai),1-20,Large,AA2,N
Hesper,2,Fey,Any starship or Urban,1-12,Medium,AA1,N
Hobgoblin Lieutenant,7,Humanoid (Goblinoid),Any,"1-2 per per 10 hobgoblins, 3-6 + ja noi",Medium,AA2,N
Hobgoblin Trooper,1,Humanoid (Goblinoid),Any,1-16,Medium,AA2,N
Hobkins Gremlin Malefactor,4,Fey,Any,1,Small,AA3,N
Hobkins Gremlin Malefactor,1/2,Fey,Any,1-30 (over 6 includes Malefactor),Small,AA3,N
Horacalcum eater,13,ooze,any,1-2,Medium,AA4,Y
Hortinarch,11,Plant,Any (Croban V),1-2,Medium,AA3,Y
Hortus,2,Plant,Any (Croban V),1-16,Medium,AA3,N
Hound of Tindalos,7,"Outsider (evil, Extraplanar)",any,1-12,Medium,AA3,N
Huge Elemental,7,"Outsider (elemental, extraplanar)",any,any,Huge,AA1,N
Huge Herd Animal,4,Animal,Any,1-18,Huge,AA2,N
Huge Predator,7,Animal,Any,1-12,Huge,AA2,N
Huitz'plina,9,magical beast,warm forests (Mulkaxi),1-6,Medium,AA4,Y
Huiz'plina Youngling,3,magical beast,warm forests (mulkaxi),1-2,Medium,AA4,Y
Hulsa ,10,fey,any,1-6,Medium,AA4,Y
Ichor Wheel,14,Aberration,any Land,1-15,Medium,AA4,Y
Ignurso Burrow,5,Magical Beast,warm mountains and underground,1-6,Large,AA4,Y
Ignurso Mason,11,Magical beast,warm and temperate mountains and underground,1-6,Large,AA4,YY
Ijtikri,1/2,Aberration,Any (vesk-2),1-7,Small,AA3,N
Ijtikri Commando,4,Aberration,Any (Vesk2),1-7,Medium,AA3,N
Ikeshti Brood-Minder,2,Humanoid (Ikeshti),"Any deserts, hills, or mountains (Akiton)",1-12,Small,AA1,N
Ikeshti Rivener,5,Humanoid (Ikeshti),"Any deserts, hills, or mountains (Akiton)",1,Large,AA1,N
Iridia,8,"Outsider ( Extraplanar, Spectra)",Any (the drift),"1-5, or 8",Medium,AA3,N
Irokiroi,5,Animal,Any Sky (Osoro),"1, 6-12 + 1-2 Oshirokiroi)",Huge,AA3,N
Ghost,7,Undead (Incorporeal),Any ,Solitary,Medium,AA2,N
Bone Trooper Captain,8,Undead,any,Solitary or crew (5-10 Technomancers),Medium,AA2,N
Ixtangi,1,Monstrous Humanoid,any,1-10,Medium,AA4,N
Ixtangi Disruptor,7,Monstrous humanoid,any,1-10,Medium,AA4,N
Izalguun Healer,8,Monstrous Humanoid,Any (Izalraan),1-4 (3 and up includes 6-10 hunters),Large,AA3,Y
IzalGuun Hunter,4,Monstrous Humanoid,Any (Izalraan),1-8,Large,AA3,N
Ja Noi,5,"Outsider ( goblinoid, native, oni, shapeshifter)",Any,"1-4, or 5-7 + 8-15 hobgoblin troopers",Medium,AA2,N
Jinsul Base Commander,5,Monstrous humanoid,Any,1,Medium,AA3,Y
Jinsul Warrior,1,Monstrous Humanoid,Any,1-3+,Medium,AA3,N
Jububnan Raconteur,8,Monstrous Humanoid,any,1,Medium,AA4,N
Jububnan Traveller,2,Monstrous humanoid,any,1-6,Medium,AA4,N
Juvenile Solar Wisp,5,Outsider (air Elemental fire native),temperate or warm land or vacuum,1,Huge,AA2,N
Kaion,2,Animal,"mountains, urban, or vacuum (Diaspora)","1-6, 3 or more +1 multipole",small,AA4,N
Kaion Multipole,11,Animal,"mountains, urban, or vacuum (Diaspora)",1 or 1+3-6 Kaion,Huge,AA4,N
Kalo Deepspeaker,5,Monstrous Humanoid (aquatic),any aquatic (kalo-mahoi),1 + 3-6 Kalo,Medium,AA1,N
Kalo Sharkhunters,2,Monstrous Humanoid (aquatic),any Aquatic (kalo-Mahoi),1-10,Medium,AA1,N
Kanabo Commando,3,"Outsider (goblinoid, native)",Any,"1-2, 1 with 2-12 hobgoblin troopers, or 2-5",Medium,AA2,N
Keeper Robot,18,Construct Technological,Any Land,1,Large,AA3,N
Khefak,1/3,Vermin,Any (Akiton),1-40,Medium,AA2,N
Khulan,7,Fey,any mountians or underground (Akiton),1-9,medium,AA4,Y
Khulan Ascendant,12,Fey,Any Mountains or underground Akiton,1-9,Medium,AA4,Y
Kiirinta Shaman,6,Fey,Any (Stabrisis 14),1-10,Small,AA4,N
Kiritana Guard,3,Fey,Any (stabrisis 14),1-10,Small,AA4,N
Klikharp Hatchling,1/2,Vermin,Any,1-10,Medium,AA4,Y
Klikharp Mount,5,Vermin,Any,1-10,Large,AA4,Y
Kothama,10,Magical Beast (cold),Any Vesk7 or Vesk6),1-6,Huge,AA3,N
Kothama Ascendant,14,Magical Beast (cold),Any Vesk7 or Vesk6),1,Huge,AA3,N
Ksarik,4,Plant,Temperate or warm forests (Castrovel),1-11,Large,AA1,N
Kyokor,20,Magical Beast,Any (Daimalko),1,Colossal ,AA1,N
Marooned One,8,Undead,Any ,1-5,Medium,AA1,N
Emotivore,9,Undead,Any,1-6,Medium,AA2,N
Large Elemental,5,"Outsider (elemental, extraplanar)",any,any,Large,AA1,N
Large Herd Animal,2,Animal,Any,1-30,Large,AA2,N
Large Preadator,4,Animal,Any,1-12,Large,AA2,N
Lightweaver,14,Fey,Urban (Extraplanar),108,Small,AA3,Y
Living Apocalypse,20,Ooze,Any,Solitary,Collosal,AA2,N
Living Hologram,8,"Construct (incorporeal, Technological)",Any,Solitary,Medium,AA3,N
Lumocantha,2,Plant,Temperate and warm forests,1-8,Medium,AA4,N
Lumyr Sombrian,8,Fey,Any,1-6,Medium,AA4,Y
Lurker in light,5,Fey,Urban (Extraplanar),1-8,Small,AA3,Y
Many-Miened One,19,Construct,any land,"1, or 1+2-8 Lucandrians",Huge,AA4,Y
Maraquoi Hunter,1/2,Humanoid (maraquoi),Any (Marata),1-12 (over 4 includes shaman),Medium,AA1,N
Maraquoi Shaman,8,Humanoid (maraquoi),Any (Marata),1 or warband,Medium,AA1,N
Marlamaw Mayor,9,Monstrous Humanoid (aquatic),Any Water (Arniselle),"1 , 3-6 Morlamaw",Large,AA3,N
Itmi Vruh Reminiscent,10,Undead,any,1-2,Medium,AA4,Y
Mature Solar Wisp,19,Outsider ( air elemental fire native),temperate or warm land or vacuum,1,small,AA2,N
Medium Elemental,3,"Outsider (elemental, extraplanar)",any,any,medium,AA1,N
Medium Herd Animal,1/2,Animal,Any,1-30,Medium,AA2,N
Medium Predator,1,Animal,Any,1-12,Medium,AA2,N
Mi-Go,6,Plant,Any,1-9,Medium,AA2,N
Mi-Go High Priest,11,Plant,Any,"Solitary, cult (1 + 1-9 Mi-Go)",Medium,AA2,N
Monitor class infiltration robot,2,Construct (technological),Any,1-4,Medium,AA4,N
Moonflower,8,Plant,Any land,1-8,Huge,AA2,N
Moonflower Titan,16,Plant,Any land,1-2 or Grove (1+ 2-8 moonflowers),Gargantuan,AA2,N
Mordagast,7,animal,any forest or hills,1-12,Medium,AA4,Y
Mordagast Butcher,13,Animal,any forest hills or vacuum,1-2,Huge,AA4,Y
Morlamaw,3,Monstrous Humanoid (aquatic),Any Water (Arniselle),1-12,Large,AA3,N
Morrigna,11,Outsider (Psychopomp),Any (boneyard),1-12,Medium,AA4,Y
Mountain Eel,6,Animal,Temperate or warm Mountains (Castrovel),1-6,Huge,AA1,N
Vorthuul,10,Undead,Vacuum (The Drift),1-6,Medium,AA3,Y
Murzzilat,4,Animal (Aquatic),Any underground or water,"1-2, or 1, +2-6 murzzilat bantlings",Medium,AA4,N
Murzzilat Bantling,1,Animal (aquatic),any underground or water,"1-6, or 2-6 with 1 murzzilat",Small,AA4,N
Nanotech Golem,14,Construct (Magical Technological),Any,1-4,Large,AA2,N
NecroPede,3,Vermin,Any (Eox),1-6,Large,AA2,N
Ghoul Shock Trooper,11,Undead,Any,1-12,Medium,AA2,N
Nelentu,7,Animal (entu Symbiote),any forest or urban,1-6,Medium,AA4,N
Neutronium Golem,6,"Construct (magical, Technological)",Any,1-4,Large,AA3,N
Lacunal Collector,11,Undead,Any,"1-2, 1-2 +4-6 initiates",Medium,AA4,Y
Mummified Prophet,12,Undead,Any,1-8,Medium,AA4,Y
Nuar Enforcer,4,Monstrous Humanoid,Any (Absalom Station),1-6,Medium,AA1,N
Nuar Specialist,8,Monstrous Humanoid,Any (Absalom Station),1,Medium,AA1,N
Nyssholora,4,Magical Beast,Temperate or warm plains (Castrovel),1-6,Large,AA2,N
Observer class security Robot,1,Construct (Technological),Any,1-5,Small,AA1,N
Varculak Noble,12,Undead,Any,1,Small,AA3,Y
Old Void Dragon,18,Dragon,Any,Solitary,Gargantuan,AA2,N
Oma,16,Magical Beast,Any vacuum or gas giant,1-5,Colossal ,AA1,N
Oracle of Oras,13,Plant,Any,"1, with 0-10 followers",Gargantuan,AA3,Y
Orc Technician,1/2,Humanoid (orc),Any (Apostae),1-6,Medium,AA2,N
Orc Trooper,5,Humanoid (orc),Any (Apostae),1-4,Medium,AA2,N
Orocoran,6,Aberration,Any (Aucturn),"1-20 (over 10, includes 1 ichor lord)",Medium,AA1,N
Orocoran Ichor Lord,9,Aberration,Any (Aucturn),1 (or congregation),Medium,AA1,N
Osharu,1/2,Monstrous Humanoid,Any,2,Medium,AA2,N
Osharu HeadTeacher,8,Monstrous Humanoid,Any,1 + 3-6 Osharus,Medium,AA2,N
Oshirokiroi,12,Animal,Any Sky (Osoro),1-2 + 6-12 iroiKiroi,Gargantuan,AA3,N
Osifern Enigma,8,Animal (Aquatic),Any Water (Arniselle),1,Large,AA4,N
Osifern Sprout,1/2,Animal (aquatic),Any Water (Arniselle),1-13,Tiny,AA4,N
Pahtra Inquisitive,2,Humanoid,Any (Vesk - 6),1-8,Medium,AA2,N
Pahtra Stalker,6,Humanoid,Any (vesk - 6),1 - 2 ,Medium,AA2,N
Paraforan Fragment,6,Outsider (extraplanar),Vacuum (the drift),1-7,Medium,AA3,Y
Paraforan Fragment,12,Outsider (extraplanar),Vacuum (The Drift),1-4,Large,AA3,Y
Patrol Class security robot,4,Construct (technological),Any,1-7,Medium,AA1,N
Perigean Lucandrian,9,Fey,Any lunar,1-6,Medium,AA3,Y
Phentomite,1/2,Humanoid,Any (Orry),1-5,Medium,AA2,N
Phentomite Bridger,6,Humanoid,Any (Orry),1-2,Medium,AA2,N
Philosopher worm,7,Monstrous Humanoid,Any (Nchak),1-9,Medium,AA3,Y
Philosopher Worm Telogarch,16,Monstrous Humanoid,Any (Nchak),1,Large,AA3,Y
Planashar,17,"Construct (Magical, technological)",any,1,Small,AA4,Y
Planetoid Beetle,9,Vermin,Any vacuum,1-2,Huge,AA2,N
Plasma Ooze,16,Ooze,Any solar or Vacuum,1,Gargantuan,AA2,N
Plasmalisk,14,Magical Beast,warm or temperate land,1-12,Large,AA4,Y
Plesiosaur,7,Animal,Any,1-6,Huge,AA2,N
Plurprex,13,"Outsider ( Chaotic, Demon, Evil, Extraplanar)",Any (Abyss),1-6,Medium,AA2,N
Polyphonic Gel,1/2,Ooze,Any land,1-7,Small,AA4,N
Polyphonic Plasm,4,Ooze,any land,1-12,Large,AA4,N
Predator Swarm ,2,Animal,Any,1-12,Tiny,AA2,N
Prexian Mutantspawn,11,"Outsider (chaotic, evil, extraplanar)",Any (Abyss),1-8,Medium,AA2,N
Protean,16,"Outsider (chaotic, extraplanar, protean, shapechanger)",any (maelstrom),1-4,Medium,AA4,Y
Psacynoid Custodian,3,monstrous humanoid,any (nolasa),"1-30, 6 or more includes Gallant",Medium,AA4,N
Psychanoid Gallant,9,Monstrous Humanoid,Any (nolassa),"1-2, or see above",Medium,AA4,N
Pterosaur,3,Animal,Any,1-8,Large,AA2,N
Quantum Slime,15,Ooze,Any,1-2,Medium,AA3,Y
Quorlu,2,Monstrous Humanoid ,Any,1-5,Medium,AA2,N
Quorlu Sapper,9,Monstrous Humanoid,Any,1-5,Medium,AA2,N
Quyu,6,Aberration,Any ,1,Medium,AA4,Y
Radiation drake slasher ,4,Dragon,Any land,1-8,Medium,AA4,N
Ravai,6,Fey,Any Solar or Vacuum,1-5,Medium,AA2,N
Raxilite Bioengineer,4,Plant,Any (Raxil),1-6,Tiny,AA3,Y
Raxilite Researcher,1/2,Plant,Any (Raxil),1-12,Tiny,AA3,Y
Rendalairn,25,Construct (Magical),Any,1,Colossal,AA3,Y
Reptoid,1,"Humanoid (reptoid, shapechanger)",Any,1-8 (over 3 includes 1 reptoid master),Medium,AA1,N
Reptoid Master,6,"Humanoid (Reptoid, shapechanger)",Any,"1-2, 1 with 3 -8 Reptoid",Medium,AA1,N
Rock Rageshkor,12,Animal,Deserts or mountains,1-2,Huge,AA4,N
Rogue Combat Drone,14,Construct (technological),Any,1-6,Medium,AA3,N
Rogue Hover Drone,6,Construct (technological),Any,1-6,Tiny,AA3,N
Ryphorian Skyfire Pilot,5,Humanoid (ryphorian),Any (Triaxus),4-8 + technicians,Medium,AA1,N
Ryphorian Technician,1,Humanoid (ryphorian),Any (Triaxus),1-8,Medium,AA1,N
Sapient Purple Orb,4,Aberration,Any,1-6,small,AA4,Y
Sapient purple orb liminant ,11,aberration,any,1,Large,AA4,Y
Sarcesian CyberCommando,8,Humanoid (Sarcesian),Any Low Gravity (Diaspora),1-5,Medium,AA1,N
Sarcesian Sniper,5,Humanoid (Sarcesian),Any low gravity (Diaspora),1-5,Medium,AA1,N
Sauropod,10,Animal,Any,1-12,Gargantuan,AA2,N
Sazaron Sage,12,Monstrous Humanoid,Any (Arkanen),1-15,Large,AA3,Y
Sazaron Scholar,5,Monstrous Humanoid,Any (Arkanen),1-15,Large,AA3,N
Scavenger Slime,9,Ooze,Any ,1-10,Large,AA1,N
Shakalta Star-Guardian,7,Humanoid (Shakalata,Any (accara IV),1-2,Medium,AA3,Y
Shantak,8,Magical Beast,Cold mountains or vacuum,1-12,Huge,AA2,N
Sharpwing,8,Animal,Any cold (Aballon),1-8,Large,AA1,N
Shatori Analyst,4,Humanoid (shatori),any(Perdure),1-11,Medium,AA3,Y
Shatori Theorist,10,Humanoid (Shatori),Any (Perdue,3-6,Medium,AA3,Y
Shimreen Warrior,5,Humanoid (Shimreen),Any (Shimrinsara),1-8,Medium,AA3,N
Shimreen Worker,1,Humanoid (shimreen),Any (Shimrinsara),1-8,Medium,AA3,N
Ship Glitch Gremlin,1,Fey,Any,1-12,Small,AA2,N
Shipkiller bulb,10,Plant,any sky (gas giant) or vacuum,1,Gargantuan,AA4,N
Shipmino,13,Ooze,any (Dominion of Black Starships),Solitary,Huge,AA2,N
Shobhad,4,Monstrous Humanoid,Cold deserts or mountains (Akiton),1-20+ (20 or more includes a warleader),Large,AA1,N
Shobhad Warleader ,7,Monstrous Humanoid,Cold Deserts or mountains (Akiton),"1 + warband, or 2-6, or solitary",Large,AA1,N
Shotalashu,2,Magical Beast,Warm forests (Castrovel),1-5,Large,AA2,N
Siege Robot,15,Construct (Technological),Any,1-8,Huge,AA2,N
Skarak,13,Magical beast,Any land,1-8,Huge,AA4,Y
Driftdead Amalgam,13,Undead (extraplanar),Any (The Drift),1,Medium,AA3,N
Skittermander Whelp,2,Humanoid,Any (Vesk - 3 ),1-12,Small,AA1,N
Skittermander Whelp,1/3,Humanoid,Any (Vesk-3),1-24,Diminutive,AA1,N
Skreeling,3,Aberration,Any Hills or mountains,2-8,Small,AA3,N
Skreesire,7,Aberration,Any hills or mountains,Solitary,Large,AA3,Y
Small Elemental,1,"Outsider (elemental, extraplanar)",any,any,small,AA1,N
Small Herd Animal,1/3,Animal,Any,1-40,Small,AA2,N
Small Predator,1/2,Animal,Any,1-21,Small,AA2,N
Solmyr Sombrian,13,Fey,any,"1-2, or 1 and 207 lumyrs",Medium,AA4,Y
Sondria,14,"outsider (extraplanar, spectra)",any (the drift),"1-5, or 8, or 1 aspecna, + 2 sondrias",Small,AA4,N
Soulstone Hunter,8,Magical Beast,Any (Ash'Akan),1-5,Small,AA3,N
Space Goblin Honchohead,3,Humanoid (goblinoid),Any,-,Small,AA1,N
Space Goblin Zaperator,1/3,Humanoid (goblinoid),Any,"4-13, rest non combatants, 1 honcho head, 5-6 pets",Small,AA1,N
Spathinae Explorer,11,Monstrous Humanoid,Any,1-6,Medium,AA3,N
Spathinae Guard,1,Monstrous Humanoid,Any ,1-14,Medium,AA3,N
Spectra,11,"Outsider (extraplanar, spectra)",Any (the drift),"1-5, or 8 or 1, +2 iridias",Medium,AA4,Y
Squox,1/3,animal,any,1-8,Tiny,AA2,N
Starmetal Dragon,15,Dragon,Any,1,Huge,AA3,N
StormGhost,14,Monstrous Humanoid,any,1,Large,AA4,Y
Stridermander,3,Monstrous Humanoid (Skittermander),Any (Vesk-3),1-10,Medium,AA3,N
Stridermander Tyrant,10,Monstrous Humanoid (Skittermander),Any (vesk-3),1 + 3-10 Stridermanders,Large,AA3,N
Supegna pup,5,plant,Warm and temperate deserts,2-5,Medium,AA4,N
Supgena Titan,15,Plant,Warm and temperate deserts,1,Huge,AA4,N
Surnoch,9,Animal,Any underground or vacuum (Diaspora),1 - 2,Large,AA1,N
Swarm Corrovox,3,Monstrous Humanoid,Any,1-8,Medium,AA1,N
Swarm Dissolver,11,Monstrous Humanoid,Any,1-2 + up to 8 swarm creatures,Large,AA3,N
Swarm Mindreaper,7,Monstrous humanoid,any,1-2 +3-6 Swarm corrovoxes,Medium,AA2,N
Swarm Thresher Lord,10,Monstrous Humanoid,Any,1-2,Large,AA1,N
Swarm Xersk,16,Monstrous Humanoid,Any,1 or 1+5 + swarm creatures,Medium,AA3,Y
Symbiend,1/3,Aberration,Any,1,Diminutive,AA1,N
Tashtari,3,Magical beast,any forests or marshes (Castrovel),3-8,Medium,AA2,N
Tashtari Alpha,7,Magical beast,any forests or marshes (castrovel),2 + 3-8 Tashtaris,Medium,AA2,N
Tekenki,17,"Construct (Magical, Technological)",Any (Daimalko),Solitary,Colossal,AA3,Y
Tekhoinos,10,"Outsider (aeon, extraplanar)",any (outer planes),1-10,Medium,AA2,Y
Telia,2,Monstrous Humanoid,Any (Pygos),1-12,Medium,AA3,N
Telia Raconteur,7,Monstous Humanoid,Any (Pygos),1-2  or 1 + 2-3 Telia,Medium,AA3,N
Thasteron Khefak,3,Vermin,Any (Akiton),1-3 + Khefaks,Medium,AA2,N
The Seen,12,Aberration,any,1-5,Medium,AA4,N
Thermatrod,3,Magical beast,Any warm mountains,1-2,Large,AA4,N
Thermatrod Caldera,10,Magical Beast,Any warm mountains,1,Huge,AA4,N
Theropod,9,Animal,Any,1-6,Gargantuan,AA2,N
Thing from Behond Time,17,"Outsider (Evil, Extraplanar)",Any,1,Huge,AA3,Y
Thorgothrel,8,Ooze,Any (Gothra),(1-6),Large,AA3,N
Thyreophoran,6,Animal,Any,1-12,Huge,AA2,N
Tiefling,2,Outsider (Native),any,1-6,Medium,AA2,N
Time Dimensional,14,Outsider (extraplanar),any (dimension of time),1-12,Large,AA3,Y
Tiny Elemental,1/3,"Outsider (elemental, extraplanar)",any,any,Tiny,AA1,N
Trained Squox,1,animal,any,1-6,Tiny,AA2,N
Tripod,13,Construct (Technological),Any,1-6,Gargantuan,AA3,N
Tritidair,8,"Outsider (Azata, chaotic, extraplanar, good)",any (Elysium),1-8,Small,AA2,Y
Troll,5,Humanoid (giant),Any,1-4,Large,AA3,N
Trox,2,Monstrous humanoid,any (Nchak),1-20,Large,AA2,N
Trox Defensor,9,Monstrous Humanoid,Any (Nchak),1-20,Large,AA2,N
Tryziarka Explorer,3,Humanoid,Any,1-8,Medium,AA4,N
Tryziarka Legacy Captain,12,Humanoid,Any,1-2,Medium,AA4,N
Tsukomogami,4,"Outsider (Kami, Native)",Any,1-2,Small,AA3,N
Necrovite,13,Undead,Any (Eox),Solitary,Medium,AA1,N
Uplifted Bear Avenger,4,Magical Beast,any,Solitary,Large,AA2,N
Uplifted Bear Constellate,7,Magical Beast,any,Solitary,Large,AA2,N
Urog,3,Magical Beast,Warm hills and mountains (Dykon),1-6+,Large,AA1,N
Urssikka,10,Magical beast,any arctic (triaxus),1-10,Huge,AA4,N
Utersa,5,Vermin,Any hill mountain or urban,1-8,Medium,AA4,N
Utesra Phylarch,11,Vermin,Any hill mountain or urban,1-2 or 1 +2-5 Utesera,Large,AA4,N
Nihli Captain,13,Undead,Any (Vacuum),Any,Medium,AA1,N
Emotivore Mastermind,17,Undead,Any,"1 - 2, with Pod",Medium,AA2,N
Vasporan,9,Animal,Any Sky (old ustavia),1-2,Large,AA4,N
Vasporan Broosling,4,Animal,Any sky (old ustavia),1-6,Medium,AA4,N
Verthani Aether Pilot,2,Humanoid (Verthani),Any (Verces),1-8,Medium,AA1,N
Verthani Pure One,9,Humanoid (Verthani),Any (Verces),1-5,Medium,AA1,N
Vicunal,1,"Outsider (Agathion, Extraplanar, Good)",Any forests or hills (Nirvana),1-12,Medium,AA4,Y
Vlaka,2,Humanoid,Any (Lajok),1-5,Medium,AA2,N
Vlaka Handler,6,Humanoid,any (Lajok),1-2,Medium,AA2,N
Void Hag,10,Monstrous Humanoid,Any Vacuum,1-3,Medium,AA1,N
Void Troll,14,Humanoid (Giant),Any,1-4,Large,AA3,N
Tzitzimitl,19,Undead,Any ,1,Gargantuan,AA3,Y
Skeletal undead,1/2,Undead,Any,1-9+,Medium,AA1,N
Vracinea,4,Plant,Temperate or warm forests (Castrovel),1,Large,AA3,N
Waponized Devil in a box,3,Construct (Technological),Any,1-8,Tiny,AA3,N
Warmonger Devil,7,"Outsider (devil, evil, extraplanar, lawful)",Any (Hell),1-18,Large,AA2,N
Warpmouth Swarm,6,Vermin,Any vacuum,1-6,Fine,AA2,N
Warpstitcher,14,Aberration,any land,1-6,Large,AA4,Y
Weaponized Gamedroid,6,Construct (Magical Technological),Any,1-9,Small,AA3,N
WitchWyrd,6,Monstrous humanoid,Any,"for every 1, 2-5 humanoid guards",Medium,AA1,N
Wolliped,3,Animal,"Cold hills, mountains, or plains (Traxius)",1-12,Large,AA3,N
Worlanisi,1,Humanoid,Any(warlan),1-5,Medium,AA4,N
Worlanisi Fortunaut,9,Humanoid,Any (warlan),1-5,Medium,AA4,N
Wrickreechee,3,monstrous Humanoid (aquatic),Any aquatic or urban (akchios),1-20,Medium,AA1,N
Yithian,9,Aberration,Any,1-9,Large,AA3,Y
Yithian Elder,13,Aberration,Any,"1-2, 3-9 Yithians",Large,AA3,Y